body,title,url
"El rey Salmán de Arabia Saudí ha anunciado este jueves cambios importantes tanto en su Gobierno como en el área de seguridad nacional que, según los analistas, refuerzan la posición de su hijo y heredero, el príncipe Mohamed bin Salmán. Entre los nombramientos más llamativos, el del nuevo ministro de Exteriores, Ibrahim al Asaf, antiguo titular de Finanzas y que estuvo entre los afectados por la purga del Ritz-Carlton. También se renuevan los puestos clave de ministro de la Guardia Nacional y consejero de Seguridad Nacional. El heredero se mantiene al frente del Ministerio de Defensa y también conservan su puesto los titulares de Energía y Finanzas.",Arabia Saudí remodela su Gobierno y releva al ministro de Exteriores,https://elpais.com/internacional/2018/12/27/actualidad/1545918233_193480.html
"A través de la niebla, emerge la figura a caballo de Arthur Morgan. Un hombre hostil, en una tierra hostil. La sangre seca salpica sus botas; el hambre, el frío y un pesar en el corazón al que no pueden ponerse palabras. La noche en las montañas amenaza con traer la muerte y el olvido a todos los que han confiado su vida a Dutch. La banda ha visto días mejores, pero la suerte puede volverse propicia tan pronto como antes volvía la espalda. Una tierra sin reglas.",Red Dead Redemption II: La verdadera noche americana,https://elpais.com/cultura/2018/12/27/1up/1545936775_050727.html
"""En 1984, un joven programador intenta adaptar una caótica novela de fantasía a un vídeojuego. Un desafío alucinante que lo llevará a cuestionarse la realidad que le rodea. Bienvenidos de nuevo"". Esta es la frase con la que Netflix ha presentado el tráiler de Black Mirror: Bandersnatch, la nueva entrega de Black Mirror, que es una película, y que como se rumoreaba, la plataforma estrenará el viernes 28 de diciembre.",Netflix estrena ‘Black Mirror: Bandersnatch’ el 28 de diciembre,https://elpais.com/cultura/2018/12/27/television/1545911387_279894.html
"The organization Es Racismo (It’s Racism) has denounced a xenophobic incident that took place in a store in the Bravo Murillo neighborhood of Madrid, and soon went viral via social media.",Woman’s racist rant to Madrid store clerk goes viral,https://elpais.com/elpais/2018/12/27/inenglish/1545905435_258020.html
"En una de sus últimas entrevistas, Roberto Bolaño contó a modo de chiste su método secreto para abarcar tantas y tantas lecturas estadounidenses. Su amigo Rodrigo Fresán se encargaba de los autores de la costa oeste, él se quedaba con los del este y luego se contaban lo que había leído cada uno. La anécdota la recordó el catedrático y crítico de EL PAÍS Eduardo Lago durante la presentación en la Feria del Libro de Guadalajara de su ensayo, Aquí no vive Walt Whitman (Sexto Piso). “Años después de aquella entrevista –contaba Lago tras la presentación– una crítica muy importante me dijo: Fresán y tú le debéis a los lectores en español un libro sobre la literatura norteamericana. Y se me quedó clavado”.",¿Qué diablos es eso de la gran novela americana?,https://elpais.com/cultura/2018/12/27/actualidad/1545868053_244858.html
"El secretario general de la Organización de Estados Americanos (OEA), el uruguayo Luis Almagro, elevó hoy la parada al régimen que lidera el sandinista Daniel Ortega, al anunciar que iniciaría el proceso para aplicar la Carta Democrática de ese organismo contra Nicaragua. Se trata de una medida urgente para presionar al Gobierno de Ortega a respetar la institucionalidad en un país sumido en una profunda crisis política, que ha dejado más de 325 muertos desde abril, cuando comenzaron las protestas contra Ortega. Almagro, además, dijo que la OEA “buscará” la justicia internacional para que sean juzgados los responsables de los crímenes contra civiles en este país centroamericano.",La OEA amenaza a Nicaragua con su expulsión,https://elpais.com/internacional/2018/12/27/america/1545942229_670496.html
"Italia había decidido imitar la entrañable tradición inglesa de celebrar partidos en fechas navideñas para impregnar su fútbol del ambiente festivo y familiar que imbuye en estas fechas los estadios de la Premier League. Una iniciativa que fue reventada por la violencia ultra antes y durante el Inter de Milán-Nápoles disputado el pasado miércoles. En los prolegómenos del partido, los aledaños del Giuseppe Meazza se convirtieron en una batalla sangrienta entre ultras de uno y otro club.",La violencia ultra arruina el Boxing Day italiano,https://elpais.com/deportes/2018/12/27/actualidad/1545914830_615993.html
"La ministra de Trabajo, Magdalena Valerio, selló ayer finalmente, con las asociaciones más representativas de los trabajadores autónomos (ATA, UPTA, Uatae y CEAT), el acuerdo que fija cuánto cotizarán los miembros de este colectivo a la Seguridad Social el próximo año. Este pacto ya quedó cerrado hace unas semanas tras numerosos desencuentros, pero ayer se escenificó la firma del acuerdo, que ha quedado recogido legalmente en el proyecto de Real Decreto-Ley en materia de Seguridad Social que aprobará el próximo viernes el último Consejo de Ministros del año.",Así quedan todas las cotizaciones de los autónomos desde enero próximo,https://cincodias.elpais.com/cincodias/2018/12/26/midinero/1545827111_370656.html
"El Congreso mexicano ha dado luz verde pasada la medianoche de este lunes a los primeros Presupuestos de López Obrador con modificaciones en algunas partidas respecto al proyecto presentado por el Gobierno el pasado 15 de diciembre. La que más pierde respecto al plan original es justicia y entre las que más ganan están agricultura y educación. Las quejas y presiones -el Congreso ha estado bloqueado varios días por organizaciones de agricultores- y el arrepentimiento del presidente sobre el recorte a las universidades públicas han tenido su efecto sobre el texto final. Unos Presupuestos que todavía pueden verse modificados con la votación de las enmiendas que se han presentado, pero que fundamentalmente quedan así:



MÁS INFORMACIÓN














El Congreso mexicano aprueba el primer Presupuesto de López Obrador






López Obrador manda una señal de certidumbre con los presupuestos









- El Presupuesto final será de 23.800 millones de pesos más (1.200 millones de dólares) que lo planeado en el proyecto de López Obrador. La cantidad final ascenderá a 5,8 billones, frente a los 5,2 del las últimas cuentas públicas presentadas por el Ejecutivo de Enrique Peña Nieto.

- Además de este incremento, el Congreso ha hecho reasignaciones por valor de 16.700 millones de pesos que le han permitido rebajar la tensión con algunos sectores -como la cultura o el de los agricultores-, especialmente molestos por las cuentas presentadas por el Ejecutivo.",Así queda el Presupuesto mexicano tras su aprobación en el Congreso,https://elpais.com/internacional/2018/12/24/mexico/1545681416_413856.html
"Un francés de 71 años de edad zarpó el miércoles de las Islas Canarias en una cápsula naranja en forma de barril, con la esperanza de llegar al Caribe en tres meses impulsado únicamente por las corrientes del Atlántico. ""El tiempo es excelente, tengo un oleaje de un metro y me muevo a dos o tres kilómetros por hora"", dijo Jean-Jacques Savin por teléfono después de partir de la isla de El Hierro. ""Por el momento mi cápsula se está comportando muy muy bien y tengo pronóstico de vientos favorables hasta el domingo"", añadió.","Cruzar el Atlántico en un barril impulsado por las corrientes marinas, el reto de un francés de 71 años",https://elpais.com/internacional/2018/12/27/mundo_global/1545893864_772823.html
"Tres derrotas en las cuatro últimas jornadas disparan la alarma en el Manchester City. Y no es poca cosa que uno de los clubs con mayores posibilidades económicas del mundo esté en alerta. El vigente campeón de la Premier busca soluciones, primero en la pizarra -“tengo que reflexionar y pensar que necesita el equipo y saber como puedo ayudar a mis jugadores”, explica Pep Guardiola-, quien sabe si también en el mercado que está a punto de abrirse. En la derrota se acostumbra a reparar en quien no está, y un futbolista estuvo ausente en los dos últimos tropiezos ante Crystal Palace y Leicester: el mediocentro Fernandinho, una pieza que carece de recambio de capacidades similares en una de las plantillas más caras del planeta. Ante el equipo del sur de Londres empezó John Stones como mediocentro hasta que con el marcador ya en contra tomó su relevó Gündogan, que repitió contra el Leicester y evidenció bastantes problemas en el repliegue.",Guardiola busca soluciones,https://elpais.com/deportes/2018/12/27/actualidad/1545930412_255465.html
"En un año en el que por todo el mundo el #metoo hacía temblar los privilegios masculinos y en el que en España la sentencia del juicio de la Manada provocó la manifestación del 8 de marzo más multitudinaria que se recuerda, buscamos ejemplos de hombres que han actuado de forma correcta con respecto al feminismo y otros (no nos ha costado nada esto) que no. No buscamos lanzarles excesivas flores a los que lo han hecho bien, porque la actitud adecuada hacia las mujeres, el feminismo y lo inclusivo debería ser la norma y no la excepción; pero como desgraciadamente no lo es, bien está mencionarlo.",Diez famosos que han demostrado cómo debe ser un hombre en 2018 y cuatro que no,https://elpais.com/elpais/2018/12/26/icon/1545825711_613571.html
"La firma de la paz con la exguerrilla de las FARC en Colombia cumple ya dos años, pero todavía afronta formidables desafíos humanitarios tras haber sufrido más de medio siglo de conflicto armado, agravados por la llegada masiva de migrantes venezolanos. La población civil en algunos de los territorios más remotos e históricamente marginados todavía no siente los beneficios de la paz, pues sufre la persistente presencia de grupos armados o el drama de sus familiares desaparecidos.",“Nadie pensó que la implementación del acuerdo de paz iba a ser fácil”,https://elpais.com/internacional/2018/12/20/colombia/1545281281_546915.html
"El Gobierno empieza a ver la luz al final del largo túnel en que se ha convertido la exhumación de los restos del dictador Francisco Franco. Un informe de 12 páginas de la delegación de Gobierno de Madrid concluye que los restos no deberían bajo ningún concepto enterrarse en la cripta de la catedral de La Almudena por motivos de orden público, de riesgo de amenazas terroristas, de colapso de la zona en fechas señaladas o de enfrentamiento entre partidarios y detractores dentro de la cripta, donde la policía no puede entrar por ser un lugar sagrado. Este texto servirá al Ejecutivo para rechazar la pretensión de la familia apelando al bien superior de la defensa de los derechos de los demás ciudadanos que circulan por la zona. El expediente está pues listo para las alegaciones finales de la familia y la decisión del Consejo de Ministros.",El Gobierno alega motivos de seguridad para prohibir la inhumación de Franco en La Almudena,https://elpais.com/politica/2018/12/27/actualidad/1545937910_084834.html
"El niño aún no había sido identificado oficialmente el miércoles a mediodía, hora de Texas. Una fuente oficial de Guatemala lo identificó a EL PAÍS como Felipe Gómez Alonzo. Su padre se llama Agustín Gómez Pérez y tiene 47 años. Eran de un municipio llamado Nentón, en Huehuetenango, al oeste de Guatemala.",La policía de fronteras de EE UU ordena exámenes médicos a cientos de niños inmigrantes detenidos,https://elpais.com/internacional/2018/12/26/actualidad/1545851034_497234.html
"NO SE VISTE de fraile ni es beato. Eliseu M. Roig, de 30 años, es campanero de la catedral de Valencia, donde reside uno de los grupos más vivos de España en la recuperación del toque manual frente al automatizado. Este gestor cultural llega a la torre del Micalet, que acoge las 11 campanas del templo, con la mirada oculta por unas gafas de sol a la última, pantalón de pitillo negro y zapatillas deportivas del mismo color. Los miembros de su asociación, Campaners, huyen de todo lo que suene a trasnochado. Aunque sus instrumentos y partituras son vetustos, los repica gente joven. Eliseu, junto a otros 15 compañeros, coge impulso y salta para voltearlas durante los días de fiesta. Unas 60 veces al año. Suele tocar el Jaume, de unos 1.700 kilos. Lo más cotizado es “parar la María”, cuando gira enloquecida moviendo sus cuatro toneladas de peso. “La agarras y te tiembla todo el cuerpo. Se mueve mucha energía”, afirma.",Los aficionados que hacen repicar las campanas manualmente,https://elpais.com/elpais/2018/12/17/eps/1545073000_461716.html
"El poder de convicción de Hollywood, rumores que con el paso de los años se tomaron por verdades absolutas y manipulaciones históricas con intereses políticos o lucrativos han hecho que muchos episodios de la trayectoria del ser humano hayan transcendido de forma distorsionada. La imaginación y la épica han maquillado la historia y nosotros nos hemos creído aquello que a lo largo de nuestra vida nos han enseñado los libros de texto, las obras de arte o el cine, sin ponerlo en duda. Hemos hablado con historiadores y especialistas que nos han ayudado a desmentir catorce de estas tergiversaciones.",14 mentiras de la historia que nos tragamos sin rechistar,https://elpais.com/elpais/2018/09/05/icon/1536142770_672955.html
"Convertir la renovación en votos es el desafío de una nueva generación de dirigentes del izquierdista Frente Amplio (FA), la coalición que gobierna Uruguay desde 2005 sin perder la mayoría absoluta y que en 2019 se enfrenta a las elecciones más inciertas. Inexorablemente, los políticos que transformaron Uruguay desde la izquierda y dominaron la escena durante 30 años van retirándose. Tabaré Vázquez, de 78 años y dos veces presidente de Uruguay, el exguerrillero y mandatario José Mujica, de 83, y Danilo Astori, el zar de la política económica uruguaya, de 78, dejan un vacío que empezará a cubrirse algo tarde y en pleno proceso electoral.",El Frente Amplio uruguayo busca heredero para José Mujica y Tabaré Vázquez,https://elpais.com/internacional/2018/12/24/america/1545671475_189107.html
"Por una parte, el movimiento MeToo, con su foco en el acoso y la violencia, ha dado un nuevo impulso al debate global sobre el feminismo, gracias, en buena medida, al ambiente generado por las marchas de las mujeres y su contestación a la llegada de Donald Trump a la Casa Blanca. Su repercusión se ha dejado notar en casi todo el mundo. Lo hemos visto en España, por ejemplo, donde el pasado 8 de marzo, y espoleadas por la sentencia de La Manada, asistimos a la primera huelga de mujeres en nuestro país y a una movilización sin precedentes.",Ni un paso atrás,https://elpais.com/elpais/2018/12/27/opinion/1545935555_400442.html
"Incesto. Del latín incestus. La primera definición de la RAE es: ""Relación carnal entre parientes dentro de los grados en que está prohibido el matrimonio"". El artículo 47 del Código Civil en España especifica que no pueden contraer matrimonio ""los parientes en línea recta por consanguinidad o adopción, ni los colaterales por consanguinidad hasta el tercer grado"". Para Pilar Polo, psicóloga especializada en abuso sexual desde hace 20 años, al incesto prefiere llamarlo ""abuso dentro de la unidad de convivencia"", dejando a un lado la biología y el grado de parentesco, pero sí dándole importancia a las figuras familiares (padres, madres o hermanos) con las que un niño o una niña crece. Polo, portavoz de la Fundación Vicki Bernadet, hace hincapié en que los menores de edad que sufren abusos de sus padres o hermanos o algún familiar inmediato están siendo manipulados, que las víctimas asumen que es algo que les pasa a todos los niños del mundo y que puede dejar unas secuelas profundas en el futuro adulto.","Incesto, un crimen que no es delito en España",https://elpais.com/elpais/2018/11/16/planeta_futuro/1542366254_181279.html
"Si la cartelera de Broadway con frecuencia sirve de heterodoxo termómetro para medir el ambiente, las modas y debates en los que está volcada la opinión pública en EE UU, una producción en el teatro Studio 54 ha establecido esta temporada un diálogo particularmente pertinente con el momento presente. Lifespan of a Fact (ciclo de vida de un hecho) reúne en el escenario a tres conocidos rostros: Daniel Radcliffe, el actor que creció bajo la capa de mago de Harry Potter; Bobby Cannavale, de la serie Boardwalk Empire; y la veterana Cherry Jones, una de las intérpretes de la adaptación televisiva de El cuento de la criada. A lo largo de una hora y media este trío se enzarza en un tira y afloja sobre qué es exactamente la verdad, en qué debe consistir la no ficción y cuál es la manera más efectiva de contar una historia.",La discusión sobre los hechos que triunfa en Broadway,https://elpais.com/cultura/2018/12/21/actualidad/1545418933_325916.html
"La decisión unilateral de retirarse de Siria es una nueva demostración de la imprevisibilidad de la política exterior estadounidense en la era de Donald Trump y, sobre todo, de que las decisiones del presidente tienden a ser más perjudiciales para los aliados de EE UU que para sus enemigos. En este caso, además, este anuncio le ha costado la dimisión de su secretario de Defensa, Jim Mattis, uno de los últimos miembros de su Gabinete capaces de frenar los impulsos descontrolados del mandatario. Trump justificó la retirada argumentando que el ISIS ya había sido totalmente derrotado, una afirmación difícilmente sostenible y además peligrosa al minusvalorar a un enemigo que tiene todavía capacidad para hacer daño.",Ayudar a sus enemigos,https://elpais.com/elpais/2018/12/26/opinion/1545848587_289516.html
"Para Misha Tumasov (Astracán, Rusia, 1975) ser activista nace en “la naturaleza de uno mismo”, como también sucede con la condición sexual, y que quien lo es no deja de serlo aunque esté en riesgo su vida.",Misha Tumasov: “En Rusia ahora está de moda ser homófobo”,https://elpais.com/sociedad/2018/11/22/actualidad/1542909629_840073.html
"Un fuerte temblor ha sacudido hoy Caracas y varios estados de Venezuela a las 04:59 hora local (8:59 en España), según han informado el Servicio Geológico de Estados Unidos (USGS) y la Fundación Venezolana de Investigaciones Sismológicas (Funvisis). Según el primero, el terremoto fue de 5,5 grados en la escala Richter, aunque los segundos rebajan el temblor a 4,9. El epicentro se localizó a 12 kilómetros al noroeste de Valencia (en el norte del país, en el estado de Carabobo), a 9,4 kilómetros de profundidad y a más de 150 kilómetros de la capital venezolana. Hasta el momento no se ha informado de la existencia de ninguna víctima.","Un terremoto de 5,5 grados con epicentro en el norte de Venezuela hace temblar Caracas",https://elpais.com/internacional/2018/12/27/actualidad/1545904974_293725.html
"El Tribunal Supremo ha optado por dividir en dos la causa abierta contra los líderes independentistas de Cataluña. El alto tribunal ha confirmado por unanimidad su competencia para juzgar los delitos de rebelión y de malversación de caudales públicos supuestamente cometidos durante el procés, pero ha decidido enviar al Tribunal Superior de Justicia de Cataluña la parte que afecta a los seis procesados a los que el fiscal solo acusa de desobediencia.",El Supremo divide en dos la causa contra los líderes del ‘procés’,https://elpais.com/politica/2018/12/27/actualidad/1545911855_885377.html
"Desde hacía tiempo que el área deportiva del Barcelona se había propuesto fichar a un central en este mercado de invierno porque se recelaba de la recuperación de la rodilla de Umtiti, inmerso en un tratamiento conservador que todavía no tiene fecha de caducidad. La idea era traer a un futbolista joven, con proyección como De Ligt (Ajax), Todibo (Toulouse) o Christiansen (Chelsea), que se fogueara en estos meses para pelear por el puesto al inicio del próximo curso. “Pero la nueva lesión de Vermaelen aceleró el proceso y las urgencias”, explican desde el Barça; “porque presentarse con solo dos centrales profesionales (Piqué y Lenglet) en el primer día de entrenamiento tras las vacaciones sería una temeridad”. Por lo que se viró de plan y tras consultar con el técnico Ernesto Valverde quedó clara la prioridad. “Quería un jugador con experiencia en LaLiga y que diera rendimiento inmediato”, desvelan desde el Camp Nou. Un templario del fútbol al servicio de quien le convenciera y contratara. El escogido fue Jeison Murillo (Cali, Colombia; 26 años), cedido por seis meses por el Valencia con una opción de compra de 25 millones.","Jeison Murillo, un jornalero del fútbol",https://elpais.com/deportes/2018/12/26/actualidad/1545853517_026591.html
"La Guardia Nacional Rusa ha decidido este año celebrar el Año Nuevo difundiendo un vídeo de su coro versionando la canción Last Christmas de Wham! en la Plaza Roja de Moscú. El vídeo del cuerpo militar se ha vuelto viral en gran parte, no por verlos cantar en una pista de patinaje sobre hielo, sino por la elección del tema: uno de los más famosos del cantante George Michael, un icono gay, más aun en un país donde hablar sobre homosexualidad está prohibido por ley desde 2013. La Guardia Nacional es un cuerpo que depende directamente del presidente ruso, Valdimir Putin, al que organizaciones como Amnistía Internacional acusan de promover la persecución del colectivo LGTBI en los últimos años. Según el portavoz oficial de la Guardia Nacional, Víktor Yeliséyev, el vídeo conmemora el segundo aniversario del fallecimiento del músico británico, que murió el 25 de diciembre de 2016 a la edad de 53 años.",La Guardia Nacional Rusa celebra el Año Nuevo a ritmo de un villancico de George Michael,https://elpais.com/elpais/2018/12/27/videos/1545906557_129487.html
"La primera noche después del terremoto vinculado a la actividad eruptiva del Etna que dejó 28 heridos el miércoles y provocó daños en numerosos edificios ha sido tranquila desde el punto de vista geológico, pero crítica para los cerca de 300 afectados que han tenido que pasar la noche fuera de sus casas. Algunos han dormido en hoteles que el Gobierno regional había puesto a su disposición y la mayoría en sus coches, no demasiado lejos de las viviendas, por temor a posibles saqueos. El Gobierno declarará mañana viernes el estado de emergencia en la región de Sicilia, la más pobre de Italia, para poder desbloquear fondos y destinarlos a la recuperación de las zonas dañadas.",Italia declarará el estado de emergencia tras el terremoto causado por la erupción del Etna,https://elpais.com/internacional/2018/12/27/actualidad/1545917204_397079.html
"Cuando éramos críos y teníamos dos semanas largas de vacaciones entre el viernes antes de la Lotería y el lunes después de Reyes, estos días tontos entre Nochebuena y Nochevieja, y luego entre Año Nuevo y la Cabalgata, eran casi mejores que las fiestas. Si hubiera una época —o un estado de ánimo, que al final es lo mismo— a la que volver en tiempo de zozobra, una elegiría esa bendita tregua entre el hartazgo del primer empacho de polvorones y la ilusión de saber que el verdadero turrón estaba aún por llegar enseguida. Esos días eternos en los que te levantabas tarde, hacías los deberes en pijama, comías protestando el hervido que ponía tu madre para desengrasar las comilonas, salías a la calle con la emoción de las vísperas de algo grande, y te ibas a la cama con la certeza de que nada malo podía pasarte en la vida. Esa paz. Ese abandono. Esa confianza ciega. Ese ser feliz sin saber que lo eras. Esa sensación de estar en casa que nunca más vuelves a tener por muchas casas y cosas que tengas. Esos eran, son, los verdaderos Reyes.",Tregua,https://elpais.com/elpais/2018/12/26/opinion/1545850937_373344.html
"En tu opinión, ¿cuáles fueron los temas más importantes de 2018?",2018: una mirada al desarrollo en 12 tuits,https://elpais.com/internacional/2018/12/27/america/1545926975_223728.html
"Lleva las uñas rojas y largas, tacones de más de 10 centímetros, el carmín intacto y unos vestidos adheridos a unas curvas que marean. Ella es Isabella Bautista, el nombre que han decidido otorgarle los productores de Netflix —por una cuestión de derechos— a Sandra Ávila Beltrán, conocida en medio mundo como la Reina del Pacífico. La única mujer entre los fundadores del imperio de la droga en México, la gran relaciones públicas del narco, criada en los códigos de un mundo controlado por hombres duros, despiadados, con una historia que la ha elevado a leyenda y que revive en Narcos México a través de la actriz oaxaqueña Teresa Ruiz (Santiago Matatlán, 1988). La plataforma ya ha anunciado una segunda temporada.",‘Narcos México’: Una reina entre los señores de la droga,https://elpais.com/cultura/2018/12/22/television/1545498589_509327.html
"No es tarea fácil lo de hacer listas del año, nunca lo es, pero me atrevo a apuntar que este año la cosa es especialmente arriesgada porque, aunque exista un amplio y lógico consenso en señalar la magistral Lo que más me gusta son los monstruos, de Emil Ferris (Reservoir Books), como la mejor obra del año, completar la lista se hace imposible en el limitado espacio de este artículo. Y, en ingenua decisión, se puede pensar que restringir la lista a los tebeos patrios puede ayudar, pero se tarda poco en comprobar que apenas resuelve el problema: la producción nacional ha sido este año espectacular, con una afortunada coincidencia de veteranía y juventud que claramente se retroalimenta para bien de los lectores.","Cronistas, poetas y revolucionarios",https://elpais.com/cultura/2018/12/20/babelia/1545327656_214775.html
"Eddie Murphy ha reunido a toda su familia por Navidad. El actor, de 57 años, ha juntado a sus diez hijos y ha posado con todos por primera vez en varias fotografías que ha publicado una de sus hijas, Bria, en su cuenta de Instagram. El intérprete de películas como Doctor Doolittle y El profesor chiflado, aparece muy sonriente en el centro del grupo, mientras sostiene en brazos a su hija pequeña, Izzy Oona, de dos años y medio, fruto de su actual relación con la modelo australiana Paige Butcher, quien también aparece en la imagen acunando a Max Charles, el último hijo del actor, que nació hace solo tres semanas.",Eddie Murphy posa por primera vez con sus diez hijos,https://elpais.com/elpais/2018/12/27/gente/1545908934_684784.html
"La Nochebuena lejos de casa es espesa. Tanto como la salsa de tomate que Eduardo mueve con el tenedor buscando más trozos de pollo. En torno a una mesa y un Belén, medio centenar de migrantes (de El Salvador, Honduras y Guatemala) —que forman parte de una de las caravanas que salió en octubre de Centroamérica— apuran la cena de Nochebuena en un albergue de la capital mexicana. ""Tardé más en comer el pollo que en cruzar el Suchiate"", bromea Eduardo sobre el río que separa Guatemala y México.",Una pausa para la caravana migrante por Nochebuena,https://elpais.com/internacional/2018/12/25/mexico/1545760176_332421.html
"Abadiânia, una pequeña ciudad en el corazón de Brasil, vive hace semanas una situación de agobio y perplejidad. Su habitante más ilustre, el curandero y sanador espiritual João de Deus, pasó del cielo al infierno después de haber cautivado durante años a miles de personas por todo el mundo con su fama de curandero milagroso. Hasta el 7 de diciembre, cuando João fue detenido. Según los testimonios, el curandero elegía a algunas mujeres que buscaban su ayuda, decía que ellas necesitaban de una audiencia particular y entonces, en una sala reservada, abusaba de ellas. João de Deus está acusado hasta por su propia hija de haberla violado cuando ella era pequeña.",João de Deus: de médico espiritual de los famosos a depredador sexual,https://elpais.com/internacional/2018/12/24/america/1545679852_334188.html
"Corderos lechales procedentes de Italia, Grecia, Portugal, Rumania, Irlanda y, sobre todo, Francia, tienen muchas posibilidades de compartir mesa estas fechas en los hogares y en la restauración española. Más de la mitad de las importaciones de cordero se concentra en las fechas navideñas, y el país galo es el que más vende a España, con unos 350.000 animales al año que llenan los lineales de los supermercados durante las fiestas. Más de 200.000 de ellos se venden entre noviembre y diciembre, a precios más bajos que los existentes en el mercado nacional, lo que influye en las cotizaciones. Tras Francia, destacan las entradas de Portugal, con más de 60.000 animales. Le siguen Rumania con unos 40.000, Irlanda con 12.000 e Italia y Grecia con 2.000.",España trae a su mesa cordero de importación para los festines navideños,https://elpais.com/economia/2018/12/26/actualidad/1545822100_138591.html
"Una espada medieval en muy buen estado de conservación y bautizada como espadana por los vecinos es lo que han sacado a la luz las excavaciones arqueológicas con motivo de la rehabilitación del castillo de Aín. Esta localidad de poco más de un centenar de habitantes en el interior de Castellón ha sido testigo del hallazgo de esta espada del siglo XIV que los técnicos encargados de las obras de la fortificación califican de “excepcional”. Es, dicen, “extremadamente inusual” localizar una pieza de este tipo en una prospección arqueológica. Lo es porque en la época “todos estos objetos se recuperaban; eran preciados, muy caros, pertenecientes a soldados profesionales o caballeros. No solían quedarse en el sitio tras ser abandonadas. Y las que se quedaban aparecen muy deterioradas o en fragmentos irreconocibles”, explica a EL PAÍS Vicente Vivó, el arqueólogo que dirige los trabajos.",Hallada en Castellón una espada medieval íntegra bajo el suelo de mortero de una fortificación,https://elpais.com/politica/2018/12/27/diario_de_espana/1545910365_752837.html
"Los folletos para turistas dirán que Buenos Aires es la cuna del tango y que aquí se come la carne más rica del mundo. “Bi-fe-de-cho-ri-zo”, aprenderán a pedir con dificultad los americanos que llegan atraídos por el dólar alto. Las guías más sofisticadas destacarán que este es el país de las mil crisis y que esta capital aún, pese a los golpes, parece muy europea. Sin embargo, en esos retratos aun no se cuenta de un fenómeno muy nuevo que, de alguna manera, refleja el alma de las principales ciudades argentinas. Cualquier visitante notará que cada 100 metros, esto es, cada minuto y medio, se cruzará con una mujer que lleva un pañuelo verde.",Un mar infinito de pañuelos verdes,https://elpais.com/internacional/2018/12/26/argentina/1545862249_741308.html
"El gran tótem de 2019 volverán a ser los países emergentes y las economías en desarrollo. Sobre sus hombros recaerá la gran misión de mantener el crecimiento económico global en 2019. En un momento en el que los tantanes de ralentización económica y fin de ciclo se sienten cada vez más cerca, estos países seguirán un año más siendo el motor de la economía mundial y, si todo se mantiene en lo previsto, aguantarán mejor el tipo que las economías avanzadas, gracias, entre otros elementos, al abaratamiento del petróleo. El precio del Brent ha caído un 20% en el año.","Los países que más crecerán en 2019; España, en el puesto 153º",https://cincodias.elpais.com/cincodias/2018/12/21/economia/1545411873_473235.html
"Ya es oficial. Miley Cyrus y Liam Hemsworth son marido y mujer. La cantante ha sido la encargada de confirmar la noticia a través de Instagram, donde ha publicado unas imágenes en blanco y negro en las que se puede ver a los recién casados abrazados y vestidos para la ocasión: Cyrus con un vestido blanco y Hemsworth con un traje oscuro de chaqueta y corbata, y unas deportivas blancas a juego con la camisa. “Diez años después…”, ha escrito la intérprete de Malibu junto a una de las fotografías, donde también ha revelado la fecha del enlace: “23.12.18”.",Miley Cyrus confirma su boda con Liam Hemsworth,https://elpais.com/elpais/2018/12/27/gente/1545901069_127576.html
El Gobierno de Japón y varias empresas tecnológicas y automovilísticas han acordado una hoja de ruta que sitúa 2023 como el punto de partida para la comercialización de vehículos voladores y su uso extendido en el ámbito urbano.,Japón quiere empezar a vender coches voladores en cinco años,https://elpais.com/tecnologia/2018/12/27/actualidad/1545908375_080482.html
"La salud global ha sido el tema estrella este año en Planeta Futuro. Es lo que se deduce al hacer balance y comprobar cuáles fueron los reportajes más leídos del año. La sexual, la materna, la infantil, las enfermedades tropicales, la resistencia a los medicamentos son algunas de nuestras historias más vistas, entre las que también están presentes muchos de los asuntos por resolver en este mundo: igualdad de género, medio ambiente, indígenas, racismo, derechos humanos, alimentación, los problemas de África. Entre los cientos de artículos que hemos publicado en 2018, estos han sido los 18 más leídos:",El misterioso coma de los niños en Suecia y otras 17 historias de 2018,https://elpais.com/elpais/2018/12/18/planeta_futuro/1545147743_457504.html
"Todos conocemos familias de nonagenarios, que parecen indestructibles. Pero, ¿qué está detrás de su longevidad? Hasta ahora, se pensaba que ""la diferencia entre los que viven mucho y los que viven poco dependía de la genética entre un 15% y un 30%"", explica Miguel Pita, profesor de Genética del Departamento de Biología de la Universidad Autónoma de Madrid (UAM), y autor del libro El ADN dictador (2017). Sin embargo, un nuevo estudio publicado en la revista Genetics tira por tierra esta idea.","El secreto para vivir cien años está en tus manos, no en tus genes",https://elpais.com/elpais/2018/12/19/buenavida/1545227085_353401.html
"Ya se sabe que los nórdicos lo hacen todo bien: ellos han exportado conceptos como el hygge o lagom, que son como nuestro ""sofá, peli y mantita"", pero con chimenea y vistas a un lago helado. En Suecia la gente también se muere igual que en todas partes, pero sin dejar de atender cierto protocolo. Se llama döstädning, un acrónimo de dos palabras que significan ""muerte"" y ""orden, limpieza"". Eso es lo que propugna: someter nuestro hogar a una criba profunda como favor hacia quienes nos van a sobrevivir.",Cómo ordenar tu casa como si fueras a morir,https://elpais.com/elpais/2018/12/13/icon_design/1544727306_235298.html
"Un altavoz inteligente como Alexa –servicio de voz ubicado en la nube de Amazon– puede reproducir una lista de reproducción relajante mientras se hace la cena, organizar eventos de las atareadas agendas de hoy en día, modular las luces del salón y por supuesto, hacerle a un pequeño de seis años los deberes. El pequeño Jariel, que reside en el estado de Nueva Jersey (Estados Unidos) no se pudo resistir a consultarle al dispositivo cuánto es 5 menos 3.",Una madre pilla a su hijo de seis años copiando sus deberes de Alexa,https://elpais.com/elpais/2018/12/27/mamas_papas/1545929793_892342.html
"El Gobierno de Mauricio Macri ha sumado nuevos impuestos. Cuando el año próximo los argentinos presenten sus declaraciones de renta, deberán pagar entre un 5% y un 15% a las ganancias que hayan obtenido de sus inversiones en plazo fijo, títulos públicos y fondos de inversión. Los nuevos gravámenes surgen de una ley aprobada en 2017 a instancias de un sector del peronismo. Macri esperó hasta este jueves, al límite del plazo legal, para reglamentar la norma, paso necesario para su aplicación. En medio, resistió la presión de los mercados, que auguran que un impuesto a la renta financiera acelerará aún más la huida de los inversores y hundirá el valor de los bonos argentinos.",Argentina aplica un impuesto de hasta 15% a las rentas financieras,https://elpais.com/economia/2018/12/27/actualidad/1545938243_662413.html
"El año que termina tenía que ser relativamente apacible. Tanto el Gobierno argentino como los analistas financieros dibujaban, a finales de 2017, un horizonte tranquilo: crecimiento económico superior al 2%, inflación controlada por debajo del 15% y un dólar estable, en torno a los 20 pesos. La realidad fue muy distinta. Tras un annus horribilis en el que Argentina tuvo que pedir auxilio, por dos veces, al Fondo Monetario Internacional, el país sufre hoy una severa recesión (el Producto Interior Bruto se contrae al menos en un 2%), la inflación ronda el 47% y un dólar cuesta 39 pesos. Todo lo que podía ir mal, fue mal.",Argentina cierra el ‘annus horribilis’ de su economía,https://elpais.com/economia/2018/12/26/actualidad/1545845575_896298.html
"Las plantas tienen una comunicación química que se produce, por ejemplo, cuando les atacan insectos fitófagos, entonces y como consecuencia de la mordedura, la planta emite una molécula que actúa como un neurotransmisor y hace a las otras plantas adoptar medidas preventivas, medidas de defensa. Eso no quiere decir que las plantas tengan cerebro o voluntad que controle esa comunicación. Pero sí hay una comunicación química que además es muy eficiente.",¿Las plantas se comunican entre ellas?,https://elpais.com/elpais/2018/12/25/ciencia/1545729146_346135.html
"Hace dos años, la muerte de Carrie Fisher devastó al mundo del cine. Tanto quienes forman parte de su industria como sus espectadores lloraron la desaparición, con apenas 60 años y a causa de una apnea del sueño, de una de las actrices más célebres del celuloide. El inesperado adiós de la guionista, monologuista, escritora y mítica princesa Leia trajo solo un día después otra desgracia: la muerte de su madre, Debbie Reynolds, que fallecía apenas 24 horas después a causa de una embolia.",La hija de Carrie Fisher le rinde homenaje dos años después de su muerte,https://elpais.com/elpais/2018/12/27/gente/1545929168_031864.html
"Casi un año después de la visita del Papa Francisco a Chile, en enero pasado, que hizo explotar la crisis de la Iglesia católica local por los escándalos de pederastia, una encuesta del Centro de Estudios Públicos (CEP) muestra el desplome de la confianza de los chilenos hacia las Iglesias y organizaciones religiosas: apenas uno de cada 10 señala tenerles confianza (bajó de un 51% a un 13% en dos décadas). Desde 1998 a la fecha, en tanto, cayeron quienes se identifican con el catolicismo: si hace 20 años un 73% de declaraba de esa religión, la cifra cayó a un 69% en 2008 y a un 55% en la actualidad. Pero a diferencia de otros países como Brasil o Guatemala donde son los evangélicos quienes le han ganado terreno a la Iglesia católica, en Chile el mayor aumento se observa entre quienes no se identifican con ninguna religión, que se han triplicado en las últimas dos décadas. Hace 20 años, un 7% de la población adulta no se declaraba creyente, mientras que esa cifra sube a un 24% en la actualidad.",La confianza en la Iglesia se desploma en Chile tras el escándalo de los abusos,https://elpais.com/internacional/2018/12/24/america/1545669075_129453.html
"Canadá es el primer país que ha apoyado la llamada de Andrés Manuel López Obrador a investigadores de otros países para que se sumen a las pesquisas sobre el accidente de helicóptero en el que murió la gobernadora de Puebla, Martha Érika Alonso, su marido y ex gobernador del Estado, Rafael Moreno Valle, los dos pilotos y un asistente de él. El anuncio, realizado por la Secretaría de Seguridad y Protección Ciudadana este miércoles por la noche, supone un espaldarazo a la petición de ayuda del presidente mexicano a otros países para evitar así cualquier tipo de sospecha sobre la independencia de las averiguaciones.",Canadá acepta unirse a la investigación del siniestro aéreo en el que murió la gobernadora de Puebla,https://elpais.com/internacional/2018/12/27/mexico/1545877292_748991.html
"A lo largo de toda la costa occidental de la isla de Java se oye de forma recurrente un estruendo lejano. Es el Anak Krakatoa, el volcán en erupción que retumba cada vez que expulsa gases y cenizas a unos 50 kilómetros de distancia de las zonas afectadas por el tsunami que originó el pasado sábado. El sonido desconcierta de primeras a los visitantes, pero está ya interiorizado entre la población local, consciente de que convive con un volcán potencialmente devastador que, por otra parte, es un reclamo en una zona que busca atraer más turismo. Estos días, sin embargo, la incertidumbre es mayor entre los residentes, sobre todo desde que Indonesia aumentase ayer el nivel de alerta de 2 a 3, en una escala de 4, por el incremento de la actividad del volcán. Las cenizas que expulsa provocaron la cancelación de una veintena de vuelos comerciales y obligaron a redireccionar otros. Nadie puede garantizar que una nueva erupción no genere otro maremoto, con lo que las autoridades aconsejan a la población de ambos lados del estrecho de Sonda manterse alejada de la costa entre 500 y 1.000 metros.",Vivir a los pies de un volcán letal,https://elpais.com/internacional/2018/12/27/actualidad/1545884108_026358.html
"Una mujer argentina víctima de trata de personas fue rescatada 32 años después. La policía la encontró junto a su hijo de nueve años atendiendo un puesto de comida en el mercado central de Bermejo, una ciudad boliviana limítrofe con Argentina, a 1.700 kilómetros al norte de Buenos Aires. La mujer tenía 13 cuando viajó engañada a Bolivia desde la ciudad de Mar del Plata, en la costa atlántica argentina. Su búsqueda se inició hace sólo cuatro años, tras una denuncia de su hermana.",Rescatados en Bolivia una mujer argentina raptada y víctima de trata durante 32 años y su hijo,https://elpais.com/sociedad/2018/12/26/actualidad/1545806620_305307.html
"Medicina o veneno. La difusa frontera que separa ambos polos opuestos está marcada por uno de los parámetros más vitales y críticos en medicina: la dosis. Así, mientras un medicamento administrado con la dosis e indicación adecuadas puede curar, este puede transformarse en un veneno en cualquier momento al rebasar cierta dosis, llegando hasta al punto de matar. El célebre médico Paracelso ya lo afirmaba en el siglo XVI:  ""Nada es veneno, todo es veneno: la diferencia está en la dosis"". De esta forma, sin que tengamos que vivir en un mundo al revés con lobitos buenos, príncipes malos y piratas honrados, el agua puede convertirse en un veneno y la toxina botulínica (el veneno más potente conocido) en una útil medicina. Tan solo es cuestión de dosis.",A la caza de venenos que curen,https://elpais.com/elpais/2018/12/14/ciencia/1544777502_467056.html
"Pocas cosas satisfacen tanto a un viajero costero como la sensación de descubrimiento que puede experimentar en la comarca vizcaína de Uribe. Esta ruta no solo da rienda suelta a la voluntad del extravío por el litoral más ignorado de la cornisa cantábrica, también completa la excursión a la ermita de San Juan de Gaztelugatxe.",Placeres del mar en Bakio,https://elviajero.elpais.com/elviajero/2018/11/22/actualidad/1542892923_424979.html
"Naomi Campbell ha mostrado su lado más natural en las redes sociales donde ha publicado un selfie en el que no hay rastro de su larga y lisa cabellera morena y, por el contrario, deja al descubierto su cuero cabelludo. La modelo, de 49 años, ya había confesado que en alguna ocasión utiliza pelucas, pero nunca antes había enseñado su aspecto al natural. “Desnúdate al completo”, ha escrito la top británica a sus más de seis millones de seguidores en Instagram junto a la imagen en la que se ve a la modelo en un primer plano con la cabeza repleta de trenzas de raíz que dejan escapar pequeños rizos naturales.",Naomi Campbell se muestra sin peluca,https://elpais.com/elpais/2018/12/26/gente/1545847636_783876.html
"La detención el 1 de diciembre de la ejecutiva china Meng Wanzhou en el aeropuerto de Vancouver ha desatado una tormenta diplomática entre el gigante asiático y Canadá con la guerra comercial y tecnológica entre Washington y Pekín como telón de fondo. La vicepresidenta e hija del fundador de Huawei —el mayor proveedor mundial de telecomunicaciones— obtuvo el pasado 11 de diciembre la libertad condicional. El pasaporte de Meng, de 46 años, ha sido requisado por las autoridades canadienses, a la espera de que se resuelva la solicitud de extradición de Estados Unidos. En represalia, Pekín ha detenido al menos a dos canadienses a los que acusa de ser una amenaza para su seguridad nacional. Estas son las claves del triángulo China-Canadá-EE UU.",¿Por qué inquieta Huawei a EE UU y sus aliados?,https://elpais.com/internacional/2018/12/14/actualidad/1544807531_011348.html
"El Senado de Estados Unidos ha retomado este jueves las negociaciones para reabrir el 25% de la Administración, cerrada desde el pasado sábado. La batalla por la partida presupuestaria para construir el polémico muro con México tiene arrinconados a los legisladores, que no han dado muestras de ceder en sus respectivas posturas. Donald Trump reiteró esta semana que el shutdown durará “lo que haga falta”, lo que implica que los 800.000 trabajadores federales afectados no saben cuándo retomarán sus funciones o recibirán la paga. El presidente tuiteó esta mañana que los empleados que se han visto perjudicados son en su mayoría demócratas, cuando el día de Navidad publicó que ""muchos de esos trabajadores"" le habían dicho que continuara con el cierre del Gobierno ""hasta que obtenga los fondos para el muro"".",El muro con México estanca las negociaciones para reabrir el Gobierno de EE UU,https://elpais.com/internacional/2018/12/27/actualidad/1545935464_425111.html
"El de España no es un caso raro en Europa occidental, donde el abandono de la religión en la edad adulta no es infrecuente. En cambio, más hacia el este, las distancias entre creyentes antes y creyentes ahora permanecen iguales o, incluso, se invierte la tendencia en varios países orientales, donde abundan más quienes se reconocen cristianos de adultos que quienes lo fueron de pequeños.",España es el tercer país con un mayor abandono del cristianismo de Europa,https://elpais.com/sociedad/2018/12/26/actualidad/1545833978_509115.html
"Frente a la resistencia ciudadana en Nicaragua, el régimen ha insistido en crear una verdad alternativa paralela a la de los hechos reales: la invención de un golpe de Estado organizado por terroristas de profesión que actúan “movidos por el odio”. Esa es la historia que repiten los medios fieles al Gobierno, y que los fiscales y jueces utilizan para acusar y procesar a los ciudadanos. Cerca de 600 “golpistas” están en las cárceles.",El delito de ser ciudadano,https://elpais.com/elpais/2018/12/26/opinion/1545842346_289739.html
"Rusia ha sellado con China lo que muchos analistas suelen definir como un matrimonio de conveniencia. Ambos países mantienen una relación estratégica a través de acuerdos en infraestructuras, defensa, agricultura o medios de comunicación. Pero es la energía el área que ha alumbrado algunos de los pactos de colaboración más relevantes. ""La alianza natural entre ambos países en ese sector —por los enormes recursos del primero y la gran demanda del segundo— se está ahora apuntalando gracias a otros elementos geopolíticos, como las sanciones y la expansión de la guerra comercial de Estados Unidos con China"", analiza por teléfono James Henderson, director del programa de Gas Natural del Instituto Oxford para el Estudio de las Energías, de la Universidad de Oxford, Reino Unido.",Rusia vira hacia China por las sanciones occidentales,https://elpais.com/internacional/2018/12/23/actualidad/1545585795_552031.html
"El Gobierno mexicano, que llegó al poder el 1 de diciembre, saca pecho: “México es el primer país del mundo que ajusta sus políticas migratorias al pacto de la ONU”, dijo esta semana su canciller, Marcelo Ebrard. Se refería al pacto migratorio adoptado el 10 y 11 de diciembre en Marraquech por 165 de los 193 países de la ONU. Sin embargo, su optimismo se enfrenta al recelo de EE UU. Trump quiere destinar el mismo dinero a la construcción del muro con su vecino –casi 6.000 millones de dólares- que para los proyectos en México y Centroamérica de los próximos años, pensados para contener el flujo de personas que se dirigen al norte. Una cantidad ya comprometida que solo incorpora 180 millones de dinero fresco.",México lidera un nuevo modelo migratorio para frenar la crisis en Centroamérica,https://elpais.com/internacional/2018/12/24/actualidad/1545680570_450927.html
"El movimiento mundial #Metoo ha revelado que el acoso y los ataques sexuales forman parte de la vida profesional de la mayoría de las mujeres. Pero este enfoque, iniciado en Hollywood, no debe hacernos olvidar todas las demás formas de violencia que sufren las mujeres en el mundo del trabajo","Las mujeres son las primeras afectadas por la violencia en el trabajo, pero todos somos víctimas",https://elpais.com/elpais/2018/12/21/planeta_futuro/1545406942_893562.html
"Las hazañas de Luka Doncic son ya cotidianas y sus referentes, cada vez más exclusivos. Los 21 puntos, nueve rebotes y 10 asistencias con los que trabajó de manera decisiva para la victoria de Dallas ante Nueva Orleans (122-119) le dejaron a solo una captura de convertirse en el primer novato que logra un triple doble. La única plusmarca superior de un rookie la obtuvo LeBron James en diciembre de 2004 en un partido, también ante Nueva Orleans, en el que sumó 22 puntos, 14 asistencias y nueve rebotes. Tenía 19 años, la misma edad que tiene ahora Doncic. “Es formidable, porque todos sabéis que LeBron es mi ídolo”, afirmó Doncic. El base-escolta esloveno anotó los tres últimos puntos del partido desde la línea de tiros libres, dos cuando faltaban 30 segundos y el otro cuando quedaban 12. Anthony Davis falló el triple que hubiera forzado la prórroga y Doncic capturó el rebote defensivo que cerró el duelo.",Luka Doncic evoca a LeBron James y Juancho Hernangómez bate sus marcas,https://elpais.com/deportes/2018/12/27/actualidad/1545871226_772227.html
"The tobacco smoke that was eradicated from many public establishments in Spain is creeping back, thanks to the use of hookahs – or water pipes – that have so far managed to side-step the law.","Legal loophole sees smoking return to Spanish bars, thanks to the hookah",https://elpais.com/elpais/2018/12/27/inenglish/1545910812_209017.html
"El gallego Carlos Pereiras tiene las mañanas libres. No tiene prisa por levantarse y, varias veces en semana, va al gimnasio a despejarse. Las tarden son otra historia. Justo tras el almuerzo empieza lo bueno: reunión en grupo con el mánager deportivo, análisis de tácticas con el entrenador y charla con el psicólogo. También seis horas de entrenamiento sin moverse de su asiento. Es jugador profesional de Call of Duty, uno de los más conocidos deportes electrónicos, los llamados esports. Forma parte de la plantilla de el Vodafone Giants de Málaga. Antes de cada torneo importante, el club le cita a él y sus compañeros en la denominada gaming house, una vivienda donde participa en concentraciones que duran varias semanas para mejorar su rendimiento.",Así entrenan los jugadores profesionales de videojuegos,https://elpais.com/tecnologia/2018/12/17/actualidad/1545060778_520434.html
"Alemania estudia reclutar a ciudadanos de otros Estados de la UE para formar parte de su Ejército ante la dramática falta de personal. La idea, anunciada este jueves por el jefe del Estado Mayor, Eberhard Zorn, se limitaría, en principio, a cubrir puestos de especialistas como médicos e informáticos. Los detractores argumentan que abrir las puertas de los cuarteles a los extranjeros podría darle nuevos y peligrosos argumentos a una ultraderecha alemana en ascenso.",Alemania estudia abrir su Ejército a ciudadanos de la UE,https://elpais.com/internacional/2018/12/27/actualidad/1545923532_678206.html
"Carlos Boyero, crítico de cine de EL PAÍS, realiza un recorrido por algunas de las películas que más “magia, emoción y entretenimiento” le han producido en 2018. Cuatro de ellas españolas: Carmen y Lola, Campeones, El reino y Petra.","Las mejores películas de 2018, según Carlos Boyero",https://elpais.com/elpais/2018/12/21/videos/1545415181_603426.html
"Un preso murió en la noche del miércoles en el Centro Penitenciario de Madrid V, en la localidad de Soto del Real, después de que su compañero de celda, experto luchador de muay thai (un arte marcial de origen tailandés), la emprendiera a golpes con él. La agresión se produjo tras discutir ambos sobre quién iba a dormir en la litera de abajo y quién en la de arriba en la celda que compartían, según han confirmado a EL PAÍS fuentes penitenciarias. Cuando los funcionarios acudieron para parar la agresión, la víctima se encontraba tendida en el suelo en estado muy grave y presentaba severos traumatismos craneoencefálicos. El presunto homicida había ingresado en prisión por primera vez solo unas horas antes",Un preso mata a otro a golpes tras discutir por la litera de la celda,https://elpais.com/politica/2018/12/27/actualidad/1545903436_711028.html
"En medio de un convulso ambiente en Washington, Donald Trump retomó una tradición presidencial. El republicano y la primera dama, Melania Trump, viajaron por sorpresa este miércoles a Irak para saludar a los soldados por las fiestas navideñas. Este es el primer viaje del mandatario a una zona de combate desde que llegó hace dos años a la Casa Blanca. El neoyorquino, que había sido criticado por no haber hecho esta visita, ha decidido efectuarla una semana después de anunciar el repliegue militar de Siria y de la filtración de los planes de reducir la presencia en Afganistán. Este giro aislacionista ha despertado el rechazo de los expertos en geopolítica y dentro del propio Pentágono, causando incluso la dimisión de su jefe, Jim Mattis.",Trump visita por sorpresa a los soldados estadounidenses en Irak,https://elpais.com/internacional/2018/12/26/actualidad/1545856881_320312.html
"Cinco años después de acabar su relación, continúa la batalla legal entre Sofia Vergara y Nick Loeb por los embriones que fecundaron cuando fueron pareja entre 2009 y 2013. El empresario, de 43 años, presentó la primera denuncia contra la actriz, de 46, hace casi cuatro años ante los tribunales de Luisiana y ahora acaba de dar un nuevo. Loeb afirmó que vive en dicho estado sureño, un territorio cuyas leyes defienden el movimiento provida, y los abogados de la colombiana han pedido al juez que le exija presentar pruebas de su residencia. ",Continúa la batalla legal entre Sofía Vergara y su exnovio por sus embriones congelados,https://elpais.com/elpais/2018/12/26/gente/1545836829_440650.html
